

<bean id="viewResolver" class="org.springframwork.web.servlet.view.InternalResourceViewResolver"
xmlns:context="http://www.springframework.org/schema/context"
xmlns:mvc="http://www.springframework.org/schema/mvc">
<context:component-scan base-package="controller"/>
<mvc:annotation-driven></mvc:annotation-driven>

	<property name="prefix" value="/jsp/"></property>
	<property name="suffix" value=".jsp"></property>
</bean>

//webSocket 생성시 설정한 url을 처리하도록 선언
2-1. 웹소켓 핸들러 설정 등록후 , 처리할 url 등록
2-2. 웹소켓 생성을 위한 handshake-interceptor 등록

	<websocket:handlers>
		<websocket:mapping handler="myHandler" path="/chat"/>
		<websocket:handshacke-interceptors>
			<bean class="org.springframwork.web.socket.server.HttpSessionHandshakeInterceptor"/>
		</websocket:handshacke-interceptors>
	</websocket:handlers>